<?xml version="1.0" encoding="UTF-8"?>
<extension version="2.5" type="file" method="upgrade">
	<name>files_suite</name>
	<author>Centrora Security Suite Project</author>
	<authorEmail>info@centrora.com</authorEmail>
	<authorUrl>www.centrora.com</authorUrl>
	<copyright>(C) 2005 - 2012 Open Source Matters. All rights reserved</copyright>
	<license>GNU General Public License version 2 or later; see     LICENSE.txt</license>
	<version>2.5.0</version>
	<creationDate>July 2014</creationDate>
	<description>Centrora Security Suite Update Files</description>
	<fileset>
		<files>
			<folder>administrator</folder>
			<folder>libraries</folder>
			<file>index.php</file>
		</files>
	</fileset>
</extension>